protocol_id,name,chain,category,subcategory,launch_date,token_ticker,market_cap_usd,circulating_supply,total_supply,website,whitepaper_url,governance_forum_url,emission_model,max_supply,inflation_rate_annual_pct,decay_rule,halving_schedule,vesting_months,unlock_schedule_description,team_allocation_pct,investor_allocation_pct,community_allocation_pct,treasury_allocation_pct,airdrop_method,sybil_defense_method,fee_switch,burn_mechanism,buyback_mechanism,treasury_routing_description,sink_type_primary,staking_enabled,lockup_mechanism,unbonding_period_days,slashing_enabled,slashing_conditions,governance_type,on_chain_voting,delegation_enabled,proposal_threshold,quorum_pct,timelock_hours,veto_mechanism,bicameral,holding_hhi,holding_gini,top_1_share,top_5_share,top_10_share,n_holders_sampled,snapshot_date,dune_query_id,s2r_burns_only,s2r_burns_plus_locks,s2r_period,s2r_data_source,operator_type,deployment_unit,hardware_cost_usd,coverage_verification_method,reward_basis,geodata_required,location_verification_method
helium,Helium,Solana,GeoDePIN,wireless,2019-07-29,HNT,,,223000000,https://helium.com,https://docs.helium.com,https://github.com/helium/HIP,decaying,223000000,,halving every 2 years,2-year halving,48,4-year vest for early investors,35,35,30,,none,proof-of-coverage,on,DC_burn,none,DC burns fund network usage,burn,true,time_lock,0,false,,token_vote,true,true,,66,48,none,false,,,,,,,0.013-2.060,,May 2023 â€“ Feb 2026,Dune Analytics,mixed,hotspot/radio,250-2500,proof-of-coverage + CBRS,service,true,GPS + proof-of-coverage
filecoin,Filecoin,Filecoin,DeVIN,storage,2020-10-15,FIL,,,2000000000,https://filecoin.io,https://filecoin.io/filecoin.pdf,https://github.com/filecoin-project/FIPs,decaying,2000000000,,6-year half-life decay,,72,6-year linear vest for SAFT,15,10,55,20,none,proof-of-replication,partial,gas_burn,none,Gas burns + sector collateral,burn,true,time_lock,0,true,storage fault penalties,token_vote,true,true,,,48,none,false,,,,,,,~0.0002,,2023-2026,Dune Analytics,institutional,storage server,5000-50000,proof-of-spacetime,service,false,
livepeer,Livepeer,Arbitrum,DeVIN,compute,2018-04-30,LPT,,,22906951,https://livepeer.org,https://github.com/livepeer/wiki,https://forum.livepeer.org,algorithmic,22906951,,inflation adjusts based on staking ratio,,,,15,20,65,,none,,partial,none,none,Fees to orchestrators + delegators,fee_distribution,true,time_lock,7,true,double-fault slashing,token_vote,true,true,,33,,none,false,,,,,,,~0,,2023-2026,Dune Analytics,institutional,GPU node,2000-10000,transcoding verification,service,false,
hivemapper,Hivemapper,Solana,GeoDePIN,mapping,2022-11-01,HONEY,,,10000000000,https://hivemapper.com,https://docs.hivemapper.com,,decaying,10000000000,,quarterly decay,,,Foundation-controlled distribution,20,20,40,20,none,map quality AI,off,none,none,Map contribution rewards,none,false,none,,,foundation,false,false,,,,none,false,,,,,,,data_insufficient,,,,individual,dashcam,300-650,AI map quality scoring,service,true,GPS + visual verification
weatherxm,WeatherXM,Arbitrum,GeoDePIN,weather,2022-01-01,WXM,,,100000000,https://weatherxm.com,https://docs.weatherxm.com,,decaying,100000000,,annual decay schedule,,,Foundation-managed,20,15,50,15,none,weather station attestation,off,none,none,Station rewards for data quality,none,true,none,,,foundation,false,false,,,,none,false,0.593,0.97,0.764,,,999,2026-02,01_governance_hhi,data_insufficient,,,,individual,weather station,200-400,data quality scoring,coverage+service,true,GPS + station hardware ID
dimo,DIMO,Polygon,GeoDePIN,mobility,2022-06-01,DIMO,,,1000000000,https://dimo.zone,https://docs.dimo.zone,https://gov.dimo.zone,algorithmic,1000000000,,baseline issuance + demand adjustment,,,Ecosystem-driven unlock,25,20,40,15,retroactive,device attestation,on,license_burn,none,Developer License burn + marketplace fees,burn,true,time_lock,,false,,hybrid,true,true,,,,none,false,0.305,0.94,0.548,,,1000,2026-02,01_governance_hhi,4.24,,2024-2025,Dune Analytics,individual,OBD dongle + app,0-100,device attestation (AutoPi/Macaron),service,true,GPS + OBD telemetry
geodnet,GEODNET,,GeoDePIN,positioning,2022-06-01,GEOD,,,,https://geodnet.com,,,decaying,,,,,,,,,,,,,,none,none,,,none,false,none,,,foundation,false,false,,,,none,false,,,,,,,,,,,individual,GNSS station,500-1000,satellite cross-check,service,true,RTK GNSS + satellite cross-check
anyone,Anyone,Ethereum,GeoDePIN,privacy,2023-01-01,ANYONE,,,,,https://anyone.io,,,fixed,,,,,,,,,,,,off,none,none,,none,false,none,,,token_vote,true,false,,,,none,false,0.034,0.79,0.119,,,999,2026-02,01_governance_hhi,~0,,,Dune Analytics,individual,relay node,0-50,bandwidth verification,relay,false,
wayru,Wayru/WiFiDabba,,GeoDePIN,wireless,,,,,,https://wayru.io,,,,,,,,,,,,,,,off,none,none,,none,false,none,,,foundation,false,false,,,,none,false,,,,,,,,,,,individual,WiFi hotspot,50-200,usage metering,usage,true,GPS
cudis,CUDIS,,GeoDePIN,health,,,,,,https://cudis.xyz,,,,,,,,,,,,,,,off,none,none,,none,false,none,,,foundation,false,false,,,,none,false,,,,,,,,,,,individual,wearable ring,150-250,device attestation,coverage,false,device attestation
grass,Grass,Solana,GeoDePIN*,data,2024-10-28,GRASS,,,1000000000,https://grassfoundation.io,,,fixed,1000000000,,,,,,10,15,60,15,merkle,browser extension attestation,off,none,none,Data contribution rewards,none,false,none,,,foundation,false,false,,,,none,false,0.119,0.96,0.312,,,1000,2026-02,01_governance_hhi,~0,,,Dune Analytics,individual,browser extension,0,IP geolocation,task_completion,false,
uprock,UpRock,,GeoDePIN*,data,,,,,,https://uprock.com,,,,,,,,,,,,,,,off,none,none,,none,false,none,,,foundation,false,false,,,,none,false,,,,,,,,,,,individual,mobile app,0,request verification,request_verification,false,
iotex,IoTeX,Ethereum/IoTeX,GeoDePIN,platform,2018-04-21,IOTX,,,10000000000,https://iotex.io,https://docs.iotex.io,https://community.iotex.io,fixed,10000000000,,,,48,,22,24,36,18,none,,partial,gas_burn,none,Gas fee burns on IoTeX L1,burn,true,time_lock,,true,delegate slashing,hybrid,true,true,,,,none,false,0.388,0.98,0.613,,,989,2026-02,01_governance_hhi,data_insufficient,,,Dune Analytics (ERC-20),mixed,sensor + gateway,50-500,device identity framework,gas_fees,true,W3bstream
render,Render,,DeVIN,compute,2017-10-01,RNDR,,,536870912,https://rendernetwork.com,https://renderfoundation.com,,decaying,536870912,,emission schedule decay,,,Foundation-managed,10,25,50,15,none,rendering verification,off,none,none,Rendering job fees,fee_distribution,true,none,,,foundation,false,false,,,,none,false,,,,,,,,,,,institutional,GPU,1000-20000,frame comparison,service,false,
